Subreddit,Members,Discussion 
wallstreetbets,8292882,  Like 4chan found a bloomberg terminal.
wallstreetbets_,51948, 
WallStreetbetsELITE,286303,  You have found the place. We don't moderate
Wallstreetbetsnew,739667,  This is the public Wall Street Bets Sub!
wallstreetbets2,84144,  cuz wllstreetbets mods are bad (still)
wallstreetbets_,51948,  another wsb subreddit 
wallstreetsidebets,7798,  Welcome Austists. Consider this your side chick
Wallstreetwarrior,3075,  If the 300 Spartans fought with hedge trimmers
wallstreetbetsoptions,17110,  Welcome to wallstreetbetsoptions
wallstreetbet,11107,  another wsb
smallstreetbets,192768,  Like 4chan found $5.
Wallstreetsilver,13604,  all about silver
WSBAfterHours,26655,  A place for autists with the same mentality. A spin off of WSB but with less foreign stocks and shit stocks.
MoonBets,13708,  WE ARE NOT FUCKING SELLING ___(1000% Gain Club)
babystreetbets,10876,  Small accounts
antstreetbets,4170,  If an ant found a Bloomberg terminal.
retardbets,2022,  Like wsb and Helen Keller had a baby a.k.a. the business class section of the wsb 747
stocks,1977386,  Almost any post related to stocks is welcome on /r/stocks.
StockMarket,1071142,  Our objective is to provide short and mid term trade ideas
investing,1542539,  lose money with friends. 
CanadianInvestor,129011,  Canadians Interested in investing and looking at opportunity in the market besides being a potato.
StocksAndTrading,40789,  This is a place to discuss stocks on all exchanges and trading of mutuals/stocks/EMFs.
pennystocks,918989,  A place to discuss penny stocks freely.
RobinHoodPennyStocks,398471,  Penny stocks available to trade in the RobinHood mobile stock trading app.
InvestingRetards,1550,  Join the investing revolution
shortinterestbets,1944,  Catch Wall Street's Mistakes
stonks,35569,  For all traders of stonks
Options,651026,  Let's Talk About: Options Fundamentals -- The Greeks -- Strategies -- Current Plays and Ideas 
thetagang,67083,  We are selling options to WSB degenerates using #thetagang strategies! 
baystreetbets,18091,  Canadian version of r/wsb. You will get rich quick. We all will!
ISKbets,4168,  Sweden version of r/wsb
IndianStreetBets,20763,  Indian version of r/wsb
farialimabets,9790,  Portugal version of wsb
ameisenstrassenwetten,3323,  German version of r/wsb
ASX_Bets,44736,  Austrailian version of WSB. An Australian equivalent to /r/Wallstreetbets 
